{
  "metadata": {
    "model_type": "naive_bayes_spell_correction",
    "version": "1.0.0",
    "total_samples": 200,
    "vocab_size": 50,
    "threshold": -6.5
  },
  "prior": {
    "hello": 0.02,
    "goodbye": 0.02,
    "please": 0.02,
    "thank you": 0.02,
    "sorry": 0.02,
    "apple": 0.02,
    "water": 0.02,
    "bread": 0.02,
    "coffee": 0.02,
    "rice": 0.02,
    "red": 0.02,
    "blue": 0.02,
    "green": 0.02,
    "yellow": 0.02,
    "white": 0.02,
    "mother": 0.02,
    "father": 0.02,
    "brother": 0.02,
    "sister": 0.02,
    "friend": 0.02,
    "airport": 0.02,
    "hotel": 0.02,
    "ticket": 0.02,
    "map": 0.02,
    "passport": 0.02,
    "meeting": 0.02,
    "deadline": 0.02,
    "report": 0.02,
    "manager": 0.02,
    "salary": 0.02,
    "doctor": 0.02,
    "medicine": 0.02,
    "hospital": 0.02,
    "fever": 0.02,
    "exercise": 0.02,
    "computer": 0.02,
    "internet": 0.02,
    "password": 0.02,
    "download": 0.02,
    "software": 0.02,
    "mountain": 0.02,
    "ocean": 0.02,
    "forest": 0.02,
    "river": 0.02,
    "weather": 0.02,
    "negotiate": 0.02,
    "collaborate": 0.02,
    "innovative": 0.02,
    "perspective": 0.02,
    "accomplish": 0.02
  },
  "length_likelihood": {
    "hello": {
      "1": 0.4444444444444444,
      "0": 0.2222222222222222
    },
    "goodbye": {
      "1": 0.5555555555555556
    },
    "please": {
      "0": 0.3333333333333333,
      "1": 0.3333333333333333
    },
    "thank you": {
      "1": 0.3333333333333333,
      "0": 0.3333333333333333
    },
    "sorry": {
      "1": 0.3333333333333333,
      "0": 0.3333333333333333
    },
    "apple": {
      "1": 0.3333333333333333,
      "0": 0.3333333333333333
    },
    "water": {
      "1": 0.3333333333333333,
      "0": 0.3333333333333333
    },
    "bread": {
      "0": 0.3333333333333333,
      "1": 0.3333333333333333
    },
    "coffee": {
      "1": 0.3333333333333333,
      "0": 0.3333333333333333
    },
    "rice": {
      "1": 0.5555555555555556
    },
    "red": {
      "0": 0.2222222222222222,
      "1": 0.4444444444444444
    },
    "blue": {
      "0": 0.5555555555555556
    },
    "green": {
      "0": 0.3333333333333333,
      "1": 0.3333333333333333
    },
    "yellow": {
      "1": 0.4444444444444444,
      "0": 0.2222222222222222
    },
    "white": {
      "0": 0.3333333333333333,
      "1": 0.3333333333333333
    },
    "mother": {
      "1": 0.4444444444444444,
      "0": 0.2222222222222222
    },
    "father": {
      "1": 0.4444444444444444,
      "0": 0.2222222222222222
    },
    "brother": {
      "1": 0.4444444444444444,
      "2": 0.2222222222222222
    },
    "sister": {
      "1": 0.5555555555555556
    },
    "friend": {
      "1": 0.2222222222222222,
      "0": 0.4444444444444444
    },
    "airport": {
      "1": 0.5555555555555556
    },
    "hotel": {
      "1": 0.4444444444444444,
      "0": 0.2222222222222222
    },
    "ticket": {
      "1": 0.4444444444444444,
      "0": 0.2222222222222222
    },
    "map": {
      "0": 0.2222222222222222,
      "1": 0.4444444444444444
    },
    "passport": {
      "1": 0.3333333333333333,
      "2": 0.2222222222222222,
      "0": 0.2222222222222222
    },
    "meeting": {
      "1": 0.5555555555555556
    },
    "deadline": {
      "1": 0.4444444444444444,
      "0": 0.2222222222222222
    },
    "report": {
      "1": 0.4444444444444444,
      "0": 0.2222222222222222
    },
    "manager": {
      "2": 0.2222222222222222,
      "0": 0.3333333333333333,
      "1": 0.2222222222222222
    },
    "salary": {
      "1": 0.4444444444444444,
      "0": 0.2222222222222222
    },
    "doctor": {
      "1": 0.2222222222222222,
      "0": 0.4444444444444444
    },
    "medicine": {
      "1": 0.4444444444444444,
      "0": 0.2222222222222222
    },
    "hospital": {
      "1": 0.3333333333333333,
      "0": 0.3333333333333333
    },
    "fever": {
      "1": 0.3333333333333333,
      "0": 0.3333333333333333
    },
    "exercise": {
      "0": 0.3333333333333333,
      "1": 0.3333333333333333
    },
    "computer": {
      "1": 0.4444444444444444,
      "0": 0.2222222222222222
    },
    "internet": {
      "1": 0.3333333333333333,
      "0": 0.3333333333333333
    },
    "password": {
      "1": 0.5555555555555556
    },
    "download": {
      "1": 0.3333333333333333,
      "0": 0.3333333333333333
    },
    "software": {
      "1": 0.4444444444444444,
      "0": 0.2222222222222222
    },
    "mountain": {
      "1": 0.3333333333333333,
      "0": 0.3333333333333333
    },
    "ocean": {
      "0": 0.3333333333333333,
      "1": 0.3333333333333333
    },
    "forest": {
      "0": 0.3333333333333333,
      "1": 0.3333333333333333
    },
    "river": {
      "1": 0.2222222222222222,
      "0": 0.4444444444444444
    },
    "weather": {
      "1": 0.3333333333333333,
      "0": 0.3333333333333333
    },
    "negotiate": {
      "1": 0.3333333333333333,
      "0": 0.3333333333333333
    },
    "collaborate": {
      "1": 0.3333333333333333,
      "2": 0.2222222222222222,
      "0": 0.2222222222222222
    },
    "innovative": {
      "1": 0.4444444444444444,
      "0": 0.2222222222222222
    },
    "perspective": {
      "1": 0.4444444444444444,
      "0": 0.2222222222222222
    },
    "accomplish": {
      "1": 0.4444444444444444,
      "2": 0.2222222222222222
    }
  },
  "char_likelihood": {
    "hello": {
      "4": 0.2857142857142857,
      "3": 0.14285714285714285
    },
    "goodbye": {
      "5": 0.14285714285714285,
      "6": 0.2857142857142857
    },
    "please": {
      "5": 0.2857142857142857,
      "4": 0.14285714285714285
    },
    "thank you": {
      "8": 0.21428571428571427,
      "9": 0.21428571428571427
    },
    "sorry": {
      "3": 0.14285714285714285,
      "4": 0.2857142857142857
    },
    "apple": {
      "4": 0.2857142857142857,
      "3": 0.14285714285714285
    },
    "water": {
      "4": 0.14285714285714285,
      "5": 0.2857142857142857
    },
    "bread": {
      "5": 0.21428571428571427,
      "4": 0.21428571428571427
    },
    "coffee": {
      "4": 0.35714285714285715
    },
    "rice": {
      "3": 0.21428571428571427,
      "4": 0.21428571428571427
    },
    "red": {
      "3": 0.2857142857142857,
      "2": 0.14285714285714285
    },
    "blue": {
      "4": 0.21428571428571427,
      "2": 0.14285714285714285,
      "3": 0.14285714285714285
    },
    "green": {
      "4": 0.35714285714285715
    },
    "yellow": {
      "4": 0.21428571428571427,
      "5": 0.21428571428571427
    },
    "white": {
      "5": 0.21428571428571427,
      "4": 0.21428571428571427
    },
    "mother": {
      "5": 0.2857142857142857,
      "6": 0.14285714285714285
    },
    "father": {
      "5": 0.2857142857142857,
      "6": 0.14285714285714285
    },
    "brother": {
      "6": 0.14285714285714285,
      "5": 0.21428571428571427,
      "4": 0.14285714285714285
    },
    "sister": {
      "4": 0.21428571428571427,
      "5": 0.21428571428571427
    },
    "friend": {
      "5": 0.21428571428571427,
      "6": 0.21428571428571427
    },
    "airport": {
      "5": 0.21428571428571427,
      "6": 0.21428571428571427
    },
    "hotel": {
      "4": 0.2857142857142857,
      "5": 0.14285714285714285
    },
    "ticket": {
      "4": 0.2857142857142857,
      "5": 0.14285714285714285
    },
    "map": {
      "3": 0.35714285714285715
    },
    "passport": {
      "5": 0.21428571428571427,
      "6": 0.21428571428571427
    },
    "meeting": {
      "5": 0.21428571428571427,
      "6": 0.21428571428571427
    },
    "deadline": {
      "6": 0.14285714285714285,
      "5": 0.2857142857142857
    },
    "report": {
      "4": 0.14285714285714285,
      "5": 0.2857142857142857
    },
    "manager": {
      "5": 0.21428571428571427,
      "6": 0.21428571428571427
    },
    "salary": {
      "5": 0.35714285714285715
    },
    "doctor": {
      "5": 0.35714285714285715
    },
    "medicine": {
      "6": 0.35714285714285715
    },